Region,reported,WkCasePop
EMRO,0.7987626739989689,48.25087901701322
EURO,0.7624035451981778,89.45571632216647
SEARO,0.7485822306238186,27.39486011342156
AFRO,0.54959299409745,13.09437290228005
AMRO,0.520422630299757,49.89690723737514
WPRO,0.47526780088216763,13.19194943289234
